id,name,measurement_unit
4,абрикосовое варенье,г
5,абрикосовое пюре,г
6,абрикосовый джем,г
7,абрикосовый сок,стакан
8,абрикосы,г
9,абрикосы консервированные,г
10,авокадо,по вкусу
11,агава сироп,г
12,агар-агар,г
13,аграм,г
14,аджика,г
15,аджика зеленая,г
16,айва,по вкусу
17,айвовое пюре,г
18,айран,г
19,айсинг,г
20,акула стейки,г
21,алкоголь,стакан
22,алкоголь крепкий,ст. л.
23,алыча,г
24,альбухара,шт.
25,альмехи,г
26,амарантовая мука,г
27,ананасовый сироп,г
28,ананасовый сок,г
29,ананасы,г
30,ананасы вяленые,г
31,ананасы консервированные,по вкусу
32,анис,по вкусу
33,анис звездочки,г
34,анисовый ликер,мл
35,анис семена,г
36,анчоусы,г
37,апельсиновая вода,г
38,апельсиновая цедра,г
39,апельсиновая эссенция,ч. л.
40,апельсиновое варенье,г
41,апельсиновые цукаты,г
42,апельсиновый джем,г
43,апельсиновый джем с имбирем,г
44,апельсиновый ликер,г
45,апельсиновый сироп,стакан
46,апельсиновый сок,по вкусу
47,апельсиновый сок свежевыжатый,г
48,апельсиновый уксус,ст. л.
49,апельсиновый экстракт,ч. л.
50,апельсины,г
51,апельсины красные,шт.
52,апельсины крупные,шт.
53,арахис,г
54,арахис жареный,г
55,арахисовая паста,г
56,арахисовое масло,г
57,арахис соленый,г
58,арбузная мякоть,г
59,арбузы,г
60,аргановое масло,г
61,аришта,г
62,ароматизатор,г
63,"ароматизатор ""ананас""",по вкусу
64,"ароматизатор ""вишня""",капля
65,"ароматизатор ""малина""",капля
66,"ароматизатор ""ром""",г
67,артишоки,г
68,артишоки в масле,г
69,артишоки маринованные,г
70,аспирин,шт.
71,ассорти мясное,г
72,ассорти овощное,г
73,ассорти фруктовое,г
74,ассорти ягодное,г
75,аши,г
76,багет,г
77,багет вчерашний,г
78,багет мини,г
79,бадан,звездочка
80,бадьян,щепотка
81,базилик лимонный,г
82,базилик свежий,г
83,базилик сушеный,г
84,базилик тайский,горсть
85,базилик фиолетовый,г
86,баклажаны,по вкусу
87,баклажаны мини,г
88,баклажаны тайские,г
89,балык,г
90,бальзам,г
91,бальзамический крем,стакан
92,бальзамический соус,ст. л.
93,бальзамический уксус,стакан
94,бальзам рижский черный,ст. л.
95,бамия,г
96,банановое пюре,г
97,банановые чипсы,горсть
98,банановый зеленый сироп,мл
99,банановый ликер,мл
100,бананы,г
101,бананы мини,г
102,барабулька,г
103,бараний ливер,г
104,бараний окорок на косточке,кусок
105,бараний фарш,г
106,баранина,г
107,баранки,г
108,бараньи антрекоты,кг
109,бараньи голяшки,шт.
110,бараньи потроха,кг
111,бараньи ребрышки,шт.
112,баранья лопатка,кг
113,баранья нога,г
114,баранья печень,г
115,барбарис,г
116,барбарис вяленый,ст. л.
117,барбарис молотый,г
118,бастурма,г
119,батат,г
120,батон,г
121,батончики шоколадные,г
122,безе,г
123,бекон,по вкусу
124,бекон варено-копченый,г
125,бекон сырокопченый,г
126,белорыбица,г
127,бирнель,мл
128,бисквик смесь готовая,пакет
129,бисквит,г
130,бисквитная крошка,г
131,бисквитный корж,г
132,бисквитный рулет,г
133,бисквит шоколадный,г
134,бифштекс,шт.
135,блинная мука,г
136,блины готовые,г
137,блины овсяные,шт.
138,бобовые ростки,г
139,бобы,г
140,бобы мунг пророщенные,г
141,бобы тонка,шт.
142,ботарга,г
143,брезаола,г
144,бренди,г
145,брокколи замороженная,г
146,брокколи свежая,г
147,брусника замороженная,г
148,брусника свежая,г
149,брусника сушеная,г
150,брусничное варенье,г
151,брусничный соус,г
152,брынза,по вкусу
153,брынза сербская,г
154,брюква,г
155,буженина,г
156,бузина сироп,ст. л.
157,букет гарни,пучок
158,булгур,г
159,булка,кусок
160,булка белая,г
161,булка сдобная,г
162,булочки,г
163,булочки белые черствые,г
164,булочки бриошь,шт.
165,булочки вчерашние,шт.
166,булочки для гамбургеров,шт.
167,булочки зерновые,шт.
168,булочки ржаные,кусок
169,булочки с кунжутом,шт.
170,бульон,г
171,бульонные кубики,г
172,бурбон,г
173,Буррата,г
174,буряк,г
175,бусинки кондитерские,ч. л.
176,бусинки кондитерские серебряные,по вкусу
177,бычий хвост,г
178,ванилин,г
179,ваниль в стручках,г
180,ванильная настойка,ст. л.
181,ванильная эссенция,г
182,ванильный порошок,г
183,ванильный сироп,г
184,ванильный экстракт,по вкусу
185,варенье,г
186,васаби,г
187,вафельная крошка,г
188,вафельные коржи,г
189,вафельные трубочки,г
190,вафли,г
191,вафли шоколадные,г
192,вермишель,г
193,вермишель яичная,г
194,вермут,г
195,вермут белый,г
196,вермут сухой,г
197,ветчина,г
198,ветчина вареная,г
199,ветчина варено-копченая,кусок
200,ветчина копченая,г
201,ветчина пармская,г
202,ветчина сырокопченая,г
203,вешенки,г
204,винегрет,г
205,винный камень,щепотка
206,винный уксус,г
207,винный уксус белый,г
208,винный уксус красный,ч. л.
209,винный уксус на чесноке,ч. л.
210,винный уксус на эстрагоне,ст. л.
211,вино белое,по вкусу
212,вино белое полусладкое,г
213,вино белое полусухое,г
214,вино белое сладкое,г
215,вино белое столовое,стакан
216,вино белое сухое,г
217,виноград,г
218,виноград без косточек,г
219,виноград белый,г
220,виноград изабелла,кг
221,виноградное желе,ст. л.
222,виноградные листья,г
223,виноградные листья маринованные,г
224,виноградные листья молодые,шт.
225,виноградный сок,г
226,виноградный сок осветленный,ч. л.
227,виноград синий,г
228,виноград черный,г
229,вино десертное,г
230,вино игристое сухое,г
231,вино красное,г
232,вино красное полусладкое,г
233,вино красное полусухое,г
234,вино красное сладкое,г
235,вино красное сухое,г
236,вино крепленое,г
237,вино розовое полусладкое,ст. л.
238,вино розовое полусухое,г
239,виски,г
240,витамин C в порошке,г
241,вишневая настойка,мл
242,вишневое варенье,г
243,вишневые листья,г
244,вишневый джем,г
245,вишневый ликер,по вкусу
246,вишневый сироп,стакан
247,вишневый сок,г
248,вишня,г
249,вишня вяленая,г
250,вишня замороженная,г
251,вишня засахаренная кондитерская,шт.
252,вишня коктейльная,г
253,вишня мараскино,шт.
254,вишня протертая с сахаром,г
255,вода,г
256,вода минеральная без газа,стакан
257,вода минеральная газированная,г
258,водка,г
259,водка анисовая,ч. л.
260,водоросли,г
261,вустерширский соус,г
262,галангал корень,долька
263,галеты,г
264,гамбургер,г
265,ганаш,г
266,гарам масала,г
267,гарнир,г
268,гаспачо,г
269,гвоздика,г
270,гвоздика молотая,по вкусу
271,герань листья,г
272,геркулес,г
273,глазурь,г
274,глазурь белая,г
275,глазурь готовая,по вкусу
276,глазурь черная,по вкусу
277,глазурь шоколадная белая,г
278,глутамат натрия,г
279,глюкоза,г
280,глюкоза сироп,г
281,говядина,г
282,говядина на кости,г
283,говяжий фарш,по вкусу
284,говяжий язык,г
285,говяжье сердце,по вкусу
286,говяжьи бифштексы,г
287,говяжьи голяшки,г
288,говяжьи легкие,г
289,говяжьи ребра,г
290,говяжьи стейки рибай,г
291,говяжья вырезка,шт.
292,говяжья грудинка,кг
293,говяжья лопатка,г
294,говяжья мозговая кость,шт.
295,говяжья мякоть,кг
296,говяжья печень,шт.
297,говяжья черева,г
298,говяжья шейка,кг
299,годжи,г
300,голец филе,шт.
301,голубика,г
302,голубика замороженная,г
303,голубь,г
304,горбуша,по вкусу
305,горбуша в собственном соку,банка
306,горбуша филе,г
307,горгонзола,г
308,горгонзола пиканте,г
309,горох,г
310,горох колотый,г
311,гороховые ростки,горсть
312,гороховый суп,г
313,горошек зеленый,г
314,горошек зеленый замороженный,г
315,горошек зеленый консервированный,г
316,горошек стручковый свежий,г
317,горчица,г
318,горчица дижонская,г
319,горчица дижонская с медом,г
320,горчица желтая семена,г
321,горчица острая,г
322,горчица русская,ст. л.
323,горчица семена,г
324,горчица с зернами,г
325,горчица сухая,г
326,горчица французская,г
327,горчица цитрусовая,г
328,горчичное масло,г
329,горчичный порошок,г
330,грана падано,ст. л.
331,гранатные зерна,г
332,гранатовая паста,ст. л.
333,гранатовый сироп,г
334,гранатовый сок,г
335,гранатовый сок свежевыжатый,мл
336,гранатовый соус,ч. л.
337,гранаты,г
338,гранита,г
339,гранола с орехами,г
340,граппа,ч. л.
341,гратен,кг
342,грейпфрутовая цедра,г
343,грейпфрутовый сок,г
344,грейпфруты,г
345,грейпфруты розовые,г
346,гренадин,г
347,гренки,г
348,грецкие орехи,г
349,грецкие орехи рубленые,г
350,гречневая крупа,г
351,гречневая крупа зеленая,ст. л.
352,гречневая лапша соба,г
353,гречневая мука,г
354,гречневое молоко,стакан
355,гречневые хлопья,г
356,грибы,г
357,грибы белые,г
358,грибы белые замороженные,г
359,грибы белые маринованные,г
360,грибы белые сухие,г
361,грибы замороженные,г
362,грибы замороженные (опята и маслята),г
363,грибы лесные,г
364,грибы маринованные,г
365,грибы свежие,г
366,грибы соленые,г
367,грибы соломенные консервированные,шт.
368,грибы сухие,г
369,грибы шиитаке,г
370,грибы шиитаке сухие,г
371,гриль,г
372,гриссини,г
373,грудинка,г
374,грудинка варено-копченая,г
375,грудинка копченая,по вкусу
376,грушевое пюре,г
377,грушевый ликер,мл
378,грушевый сироп,мл
379,грушевый сок,г
380,грушевый уксус,ст. л.
381,груши,по вкусу
382,груши вяленые,г
383,грюйер,г
384,гуава,шт.
385,гуанчиале,г
386,гурьевская каша,г
387,гусиная грудка копченая,г
388,гусиная печень,г
389,гусиный жир,ст. л.
390,гусь,г
391,гусь тушка,кг
392,дайкон,г
393,детское питание,г
394,джем,г
395,джин,г
396,джусай,г
397,диоксид титана,г
398,долма,г
399,дорада,шт.
400,дорада потрошеная с головой,шт.
401,дорада с головой,шт.
402,дорада тушка,шт.
403,драже,г
404,дрожжи домашние,г
405,дрожжи свежие,г
406,дрожжи сухие,по вкусу
407,дубовая кора,г
408,душица,г
409,дыня,г
410,ежевика,г
411,ежевика замороженная,г
412,ерш,г
413,ёрш-носарь,шт.
414,желатин,г
415,желатин листовой,по вкусу
416,желе,г
417,желе для торта,упаковка
418,желирующее вещество,упаковка
419,желирующий сахар,г
420,женьшень,г
421,жидкий дым,г
422,жимолость,г
423,жир,г
424,жир вытопленный,стакан
425,жир кулинарный,г
426,жир растительный,г
427,заатар,щепотка
428,завтрак сухой,г
429,завтрак сухой подушечки,г
430,загуститель для сливок,г
431,зайчатина,г
432,закваска,пакет
433,закваска вечная,г
434,заменитель сахара,по вкусу
435,заменитель сахара стевия,г
436,заправка для салатов готовая,г
437,зверобой,по вкусу
438,зелень,г
439,зелень рубленая,г
440,земляника,по вкусу
441,земляника замороженная,г
442,зефир,г
443,зира,г
444,злаковые хлопья,г
445,зубатка,г
446,зубатка филе,г
447,изолят соевого протеина,г
448,изюм,г
449,изюм без косточек,г
450,изюм белый,г
451,изюм черный,г
452,икра,г
453,икра вяленой рыбы,г
454,икра горбуши зернистая,г
455,икра красная,г
456,икра красной рыбы мелкая,г
457,икра летучей рыбы,г
458,икра лосося,г
459,икра мойвы,г
460,икра палтуса,г
461,икра судака,г
462,икра черная,г
463,имбирное варенье,г
464,имбирное печенье,по вкусу
465,имбирные цукаты,ст. л.
466,имбирь,г
467,имбирь засахаренный,г
468,имбирь корень,г
469,имбирь маринованный,г
470,имбирь молотый,г
471,индейка,г
472,индейка голень,г
473,индейка грудка,г
474,индейка копченая,г
475,индейка тушка,шт.
476,индейка фарш,г
477,индейка филе,г
478,индоутка,шт.
479,индюшачья печень,г
480,инжир,г
481,инжир свежий,г
482,инжир сушеный,г
483,ирга,г
484,ириски,г
485,итальянские травы,г
486,йогурт,г
487,йогурт греческий,г
488,йогурт жирный,г
489,йогурт козий,г
490,йогурт натуральный,г
491,йогурт нежирный,г
492,йогурт обезжиренный,г
493,йогурт фруктовый,г
494,кабачки,г
495,кабачки замороженные,г
496,кабачки молодые,г
497,каджунская смесь специй,ст. л.
498,какао,горсть
499,какао-бобы,г
500,какао-масло,г
501,какао-порошок,по вкусу
502,какао-порошок обезжиренный,г
503,какао сгущенное,банка
504,калина,по вкусу
505,калина протертая,г
506,калинджи семена,ч. л.
507,кальвадос,г
508,кальмары,г
509,кальмары вареные,г
510,кальмары замороженные,г
511,кальмары консервированные,г
512,кальмары филе,шт.
513,камамбер,упаковка
514,камбала,г
515,камбала филе,г
516,кампари,мл
517,кандурин золотой,ч. л.
518,каннеллони,г
519,капеллини,г
520,каперсы,г
521,каперсы в винном уксусе,г
522,каперсы маринованные,г
523,капуста белокочанная,г
524,капуста брюссельская,г
525,капуста брюссельская замороженная,г
526,капуста кале,г
527,капуста квашеная,по вкусу
528,капуста кольраби,г
529,капуста краснокочанная,г
530,капуста морская,по вкусу
531,капуста морская замороженная,г
532,капуста морская сушеная,г
533,капуста пекинская,г
534,капуста савойская,г
535,капуста цветная,г
536,капуста цветная замороженная,г
537,капустный рассол,г
538,капучино,г
539,каракатица,г
540,каракатица очищенная,г
541,карамбола,г
542,карамель,мл
543,карамельный соус,г
544,карамель с начинкой,г
545,карамель соленая,г
546,карась,г
547,карбонад,г
548,кардамон,г
549,кардамон зерна,ч. л.
550,кардамон молотый,г
551,кардамон стручки,шт.
552,каркаде,г
553,карп,г
554,карп зеркальный,кг
555,карп филе,кг
556,карри,г
557,карри листья,г
558,карри паста,пакет
559,картофель,г
560,картофель вареный,г
561,картофель вареный в мундире,г
562,картофель молодой,г
563,картофельное пюре,по вкусу
564,картофельные ньокки,г
565,картофельные хлопья,г
566,картофельные чипсы,г
567,картофельный крахмал,г
568,картофельный отвар,г
569,картофельный хэш замороженный,г
570,картофель печеный,г
571,катык,г
572,каффир-лайм листья,по вкусу
573,каша,г
574,каша для детского питания,г
575,каштановая мука,г
576,каштановый крем,г
577,каштаны,г
578,каштаны вареные,г
579,каштаны консервированные,г
580,каштаны очищенные,г
581,квас,г
582,квасное сусло,г
583,квасной концентрат сухой,упаковка
584,квас хлебный,г
585,кедровая мука,г
586,кедровые орехи,г
587,кедровые орехи жареные,г
588,кета,г
589,кетчуп острый,по вкусу
590,кетчуп томатный,г
591,кетчуп тосканский,ст. л.
592,кетчуп шашлычный,г
593,кефаль,г
594,кефир,по вкусу
595,кефир 1%,г
596,Кефир 2.5%,г
597,Кефир 3.2%,г
598,кефир обезжиренный,г
599,кешью,г
600,кивано,г
601,киви,кг
602,киви желе,г
603,кижуч,г
604,кижуч горячего копчения филе,г
605,кизил,г
606,килька,г
607,кимчи,г
608,кинза свежая,зубчик
609,кинза сушеная,г
610,киноа,г
611,киноа молотая,г
612,кипяток,г
613,кирш,ст. л.
614,кисель,г
615,кисель сухой,г
616,кисломолочный напиток Тан,мл
617,кишки,г
618,клейковина,г
619,клементины,г
620,кленовый сироп,г
621,клубника,г
622,клубника в сиропе,г
623,клубника замороженная,г
624,клубника протертая с сахаром,г
625,клубника сушеная,г
626,клубничное варенье,г
627,клубничное желе,упаковка
628,клубничное пюре,г
629,клубничный джем,г
630,клубничный джем густой,мл
631,клубничный компот,стакан
632,клубничный ликер,г
633,клубничный сироп,г
634,клюква,г
635,клюква вяленая,г
636,клюква замороженная,г
637,клюква протертая с сахаром,г
638,клюквенное варенье,г
639,клюквенный джем,г
640,клюквенный морс,ст. л.
641,клюквенный сироп,г
642,клюквенный соус,г
643,козлиная печень,г
644,козлятина молодая,кг
645,кока-кола,ст. л.
646,кокосовая вода,стакан
647,кокосовая мука,ст. л.
648,кокосовая стружка,г
649,кокосовая стружка цветная,г
650,кокосовое масло,мл
651,кокосовое молоко,г
652,кокосовые сливки,г
653,кокосовый ликер,ст. л.
654,кокосовый экстракт,г
655,кокосы,г
656,кола,г
657,колбаса,г
658,колбаса вареная,г
659,колбаса варено-копченая,г
660,колбаса копченая,г
661,колбаса кровяная,г
662,колбаса полукопченая,г
663,колбаса сырокопченая,г
664,колбаска свиная свежая (salsiccia),шт.
665,колбаски,г
666,колбаски для жарки,г
667,колбаски домашние,шт.
668,колбаски охотничьи,г
669,колбаски сырокопченые,шт.
670,компот,г
671,конопляное масло,ст. л.
672,конопля семена,г
673,конфеты,по вкусу
674,конфеты M&M’s,г
675,конфеты жевательные лакричные,г
676,конфеты Коровка,г
677,конфеты Трюфель,г
678,конфитюр,по вкусу
679,конфитюрка,упаковка
680,коньяк,г
681,копчености,г
682,коренья,по вкусу
683,кориандр,г
684,кориандр зелень,г
685,кориандр молотый,г
686,кориандр семена,г
687,коринка,ст. л.
688,корица,г
689,корица молотая,г
690,корнишоны,г
691,корнишоны маринованые,г
692,корюшка,г
693,корюшка горячего копчения,г
694,кости,г
695,кости мозговые,г
696,кость сахарная,г
697,кофе в зернах,стакан
698,кофе зеленый,г
699,кофейные зерна в шоколаде,г
700,кофейный ликер,г
701,кофейный ликер Kahlua,мл
702,кофейный напиток,мл
703,кофейный сироп,г
704,кофейный экстракт,мл
705,кофе молотый,ст. л.
706,кофе растворимый,г
707,кофе свежесваренный,г
708,кофе черный,г
709,кофе эспрессо,стакан
710,крабовое мясо,г
711,крабовые палочки,по вкусу
712,краб снежный,по вкусу
713,крабы,г
714,крапива,г
715,краситель-гель пищевой,шт.
716,краситель пищевой,г
717,краситель пищевой вишневый,щепотка
718,краситель пищевой желтый,г
719,краситель пищевой зеленый,ст. л.
720,краситель пищевой красный,г
721,краситель пищевой оранжевый,г
722,краситель пищевой фиолетовый,г
723,краситель пищевой черный,г
724,красная смородина,г
725,красная смородина протертая с сахаром,ст. л.
726,красноперка,шт.
727,красносмородиновое варенье,г
728,красный винный соус,г
729,крахмал,г
730,креветки,г
731,креветки замороженные,г
732,креветки королевские,г
733,креветки очищенные,г
734,креветки очищенные в рассоле,г
735,креветки салатные,г
736,креветки сушеные,г
737,креветки тигровые,г
738,крекер,г
739,крекер соленый,г
740,крем заварной,г
741,крем заварной порошковый,г
742,крем-фреш,г
743,кресс-салат,г
744,кровь,мл
745,кролик,г
746,кролик тушка,г
747,кролик филе,г
748,кроличья печень,г
749,круассаны,по вкусу
750,крутоны мелкие,г
751,крыжовник,г
752,крыжовниковое варенье,банка
753,кукуруза,г
754,кукуруза замороженная,г
755,кукуруза консервированная,г
756,кукуруза обжаренная кикос,г
757,кукурузная крупа,г
758,кукурузная мука,г
759,кукурузное масло,г
760,кукурузные лепешки,шт.
761,кукурузные палочки,г
762,кукурузные хлопья,г
763,кукурузные хлопья глазированные,г
764,кукурузные чипсы,г
765,кукурузный (золотой) сироп,г
766,кукурузный крахмал,по вкусу
767,кумин,г
768,кумкваты,горсть
769,кунжут,г
770,кунжутная мука,г
771,кунжутная паста,г
772,кунжутное масло,г
773,кунжутные семечки,по вкусу
774,кунжут черный,ч. л.
775,купаты,шт.
776,курага,по вкусу
777,курдючное сало,г
778,курдючный жир,г
779,куриная ветчина,г
780,куриная кожа,г
781,куриная печень,г
782,куриное карпаччо,г
783,куриное филе,г
784,куриные бедра,г
785,куриные голени,г
786,куриные голени копченые,шт.
787,куриные грудки,г
788,куриные грудки вареные,г
789,куриные грудки копченые,г
790,куриные желудочки,шт.
791,куриные кости,г
792,куриные крылья,г
793,куриные окорочка,г
794,куриные окорочка копченые,г
795,куриные потрошки,г
796,куриные сердечки,г
797,куриный бульон,г
798,куриный паштет,г
799,куриный суповой набор,кг
800,куриный фарш,г
801,курица,г
802,курица вареная,г
803,курица для жарки,кг
804,курица копченая,г
805,курица тушка,г
806,куркума,г
807,куропатки,г
808,кускус,г
809,кускус жемчужный,стакан
810,кэроб,г
811,лаванда,г
812,лаванда сушеная,щепотка
813,лавандовый краситель,ч. л.
814,лаваш,по вкусу
815,лаваш армянский,г
816,лаваш персидский круглый,г
817,лаваш тонкий,пласт
818,лавровые листья свежие,шт.
819,лавровый лист,г
820,лайм,г
821,лайм листья,шт.
822,лаймовая цедра,г
823,лаймовый сок,г
824,лангустины,шт.
825,лапша,г
826,лапша для лагмана,упаковка
827,лапша ширатаки,г
828,лапша яичная в гнездах,шт.
829,латук,г
830,легкие,г
831,лед,г
832,леди-фиш тушка,шт.
833,лемонграсс (лимонное сорго),г
834,лен семена,г
835,лепешки,г
836,лепешки арабские,шт.
837,лесные орехи,г
838,лечо,г
839,ливер,г
840,ликер,г
841,ликер Alchermes,г
842,ликер Amaretto,г
843,ликер Baileys,г
844,ликер Cointreau,г
845,ликер кремовый,г
846,ликер сливочный,г
847,лимонад,г
848,лимонная кислота,г
849,лимонная цедра,г
850,лимонник стебель,г
851,лимонник ягоды,г
852,лимонные корочки засахаренные,г
853,лимонные цукаты,г
854,лимонный сок,г
855,лимонный уксус,г
856,лимонный экстракт,г
857,лимончелло,г
858,лимоны,г
859,лингвине,шт.
860,лисички,г
861,лисички сушеные,г
862,личи,шт.
863,личи компот,г
864,лобстер,г
865,лонган,г
866,лонгконг,шт.
867,лососевые молоки,г
868,лососевый фарш,г
869,лосось,г
870,лосось горячего копчения,г
871,лосось копченый,г
872,лосось свежесоленый,г
873,лосось свежий,г
874,лосось свежий филе,г
875,лосось слабосоленый,г
876,лосось стейки,г
877,лосось филе,г
878,лосось филе на коже,г
879,лосось холодного копчения,г
880,лосятина,кг
881,лук белый,по вкусу
882,лук зеленый,г
883,лук красный,по вкусу
884,лук маринованный,г
885,луковая шелуха,г
886,луковый порошок,г
887,лук-порей,горсть
888,лук-резанец,по вкусу
889,лук репчатый,г
890,лук репчатый мелкий,г
891,лук салатный,шт.
892,лук сушеный,г
893,лук-шалот,г
894,лук-шалот красный,шт.
895,льняная мука,г
896,льняное масло,ч. л.
897,льняное семя,г
898,льняное семя молотое,г
899,любисток,г
900,маасдам,г
901,мадера,г
902,майонез,г
903,майонез домашний,г
904,майонез легкий,г
905,майонезный соус «Слобода» Постный,г
906,майонез оливковый,г
907,майонез «Слобода» Легкий,г
908,майонез «Слобода» На перепелиных яйцах,г
909,майонез «Слобода» Оливковый,г
910,майонез «Слобода» Провансаль,г
911,майонез «Слобода» С лимонным соком,г
912,майонез «Слобода» Сметанный,г
913,майоран,г
914,майоран свежий,по вкусу
915,майоран сушеный,г
916,мак,г
917,макаронные изделия,г
918,макаронные изделия мелкие,г
919,макароны,г
920,макароны-бабочки (farfalle),г
921,макароны-бабочки (farfalle) мини,г
922,макароны баветте,г
923,макароны-бантики,г
924,макароны букатини,г
925,макароны джильи,г
926,макароны диталони,г
927,макароны-звездочки,стакан
928,макароны орзо,г
929,макароны-ракушки (conchiglie),г
930,макароны-ракушки (conchiglie rigate),г
931,макароны-ракушки крупные,г
932,макароны рисони,г
933,макароны-рожки (pipe rigate),г
934,макароны-спиральки (fusilli),г
935,макароны-ушки (orecchiette),г
936,маккерончини,г
937,мак молотый,г
938,маковая масса,пачка
939,малина,г
940,малина замороженная,г
941,малина протертая с сахаром,стакан
942,малина сушеная,г
943,малиновое варенье,г
944,малиновое желе,г
945,малиновое пюре,г
946,малиновый джем,г
947,малиновый крем,г
948,малиновый сироп,ч. л.
949,малиновый соус,ч. л.
950,малиновый уксус,мл
951,малиновый чай,г
952,манго,по вкусу
953,манговый сироп,мл
954,манго консервированное,г
955,мангольд,г
956,мангустин,шт.
957,мандариновое пюре,г
958,мандариновые цукаты,г
959,мандариновый сок,г
960,мандарины,по вкусу
961,мандарины в собственном соку,г
962,манная крупа,г
963,маракуйя,г
964,маргарин,г
965,маргарин сливочный,г
966,мармелад,по вкусу
967,мармелад бутербродный,г
968,марсала,стакан
969,мартини,г
970,мартини красный,г
971,марципан,по вкусу
972,марципан зеленый,г
973,марципан розовый,г
974,маршмеллоу,г
975,маршмеллоу крем,г
976,маршмеллоу мини,г
977,маскарпоне,г
978,маслины,г
979,маслины без косточек,г
980,масло авокадо,г
981,масло виноградных косточек,г
982,масло грецкого ореха,ч. л.
983,масло для фритюра,г
984,масло кедрового ореха,г
985,маслята,г
986,мастика,г
987,мастика желатиновая,г
988,мастика шоколадная,г
989,матча,г
990,мафальдине,г
991,маца,г
992,мацони,г
993,маш,г
994,мед,г
995,мед акации,г
996,мед гречишный,г
997,мед жидкий,г
998,мед лавандовый,г
999,мелисса,г
1000,меренги,шт.
1001,мидии,г
1002,мидии в раковинах,г
1003,мидии в раковинах крупные черные,г
1004,мидии в раковинах мелкие зеленые,г
1005,мидии замороженные,шт.
1006,мидии копченые в масле,г
1007,микрозелень,горсть
1008,миндаль,г
1009,миндаль жареный,г
1010,миндаль измельченный,г
1011,миндальная масса,г
1012,миндальная мука,г
1013,миндальная паста,г
1014,миндальная эссенция,г
1015,миндальное масло,г
1016,миндальное молоко,г
1017,миндальное печенье,г
1018,миндальное пралине,г
1019,миндальные лепестки,г
1020,миндальный ликер,г
1021,миндальный сироп,г
1022,миндальный экстракт,капля
1023,миндаль очищенный,г
1024,миндаль рубленый,г
1025,мини-кукуруза,шт.
1026,минога,г
1027,минтай,г
1028,минтай печень,г
1029,минтай филе,г
1030,мисо-паста,г
1031,мисо-суп,пакет
1032,можжевельник ягоды,г
1033,мойва,г
1034,моллюски,г
1035,молоко,г
1036,молоко 05%,г
1037,молоко 15%,г
1038,молоко 25%,г
1039,молоко 32%,г
1040,молоко 36%,г
1041,молоко 4%,г
1042,молоко 6%,г
1043,молоко козье,г
1044,молоко концентрированное,г
1045,молоко рисовое,мл
1046,молоко сгущенное,г
1047,молоко сгущенное вареное,ст. л.
1048,молоко сгущенное с какао,г
1049,молоко сухое,г
1050,молоко сухое обезжиренное,ст. л.
1051,молоко топленое,г
1052,молочная смесь,г
1053,молочные продукты,г
1054,морепродукты,шт.
1055,морковное пюре,г
1056,морковь,г
1057,морковь вареная,г
1058,морковь крупная,г
1059,морковь молодая,г
1060,морковь по-корейски,г
1061,морковь тертая,шт.
1062,мороженое,по вкусу
1063,мороженое ванильное,г
1064,мороженое клубничное,г
1065,мороженое лимонное,по вкусу
1066,мороженое малиновое,г
1067,мороженое пломбир,г
1068,мороженое шоколадное,мл
1069,морошка,г
1070,морские гребешки,кг
1071,морской коктейль,г
1072,морской коктейль в масле,упаковка
1073,морской коктейль замороженный,г
1074,морской черт,г
1075,морской язык,г
1076,морской язык филе,г
1077,мортаделла,г
1078,моцарелла,г
1079,моцарелла для запекания,г
1080,моцарелла для пиццы,г
1081,моцарелла мини,г
1082,моцарелла с травами,г
1083,моцарелла шарик большой,г
1084,мука,г
1085,мука 1 сорт,г
1086,мука 2 сорт,г
1087,мука «Аладушкин»,г
1088,мука грубого помола,г
1089,мука для темпуры,г
1090,мука из пророщенной пшеницы,ст. л.
1091,мука манитоба,г
1092,мука самоподнимающаяся,г
1093,мука с отрубями,ч. л.
1094,мука с семечками,г
1095,мука хлебопекарная,г
1096,мука цельнозерновая,г
1097,мускат белый,мл
1098,мускатное вино,г
1099,мускатный орех,г
1100,мускатный орех молотый,г
1101,мюсли,г
1102,мягкий творог,г
1103,мясной бульон,г
1104,мясной фарш,г
1105,мясо,г
1106,мясо дикого кабана,г
1107,мясо криля,г
1108,мясо на косточке,кг
1109,мята,г
1110,мята сушеная,г
1111,мятный сироп,г
1112,мятный шнапс,г
1113,нардек,г
1114,нектарины,шт.
1115,нога ягненка без кости,г
1116,нори,г
1117,нуга,г
1118,нуга с орехами,г
1119,нут,г
1120,нутелла,г
1121,нут консервированный,г
1122,нутовая мука,г
1123,облепиха,г
1124,облепиха замороженная,г
1125,облепиховый сироп,стакан
1126,овощи,г
1127,овощная смесь,г
1128,овощная смесь замороженная,г
1129,овощная смесь замороженная для wok,г
1130,овощная смесь по-китайски,г
1131,овощной бульон,по вкусу
1132,овсяная мука,г
1133,овсяное молоко,стакан
1134,овсяное печенье,г
1135,овсяное толокно,г
1136,овсяные зерна,г
1137,овсяные отруби,г
1138,овсяные хлопья,г
1139,овсяные хлопья быстрого приготовления,г
1140,огуречный рассол,стакан
1141,огурцы,г
1142,огурцы консервированные,шт.
1143,огурцы малосольные,шт.
1144,огурцы маринованные,банка
1145,огурцы свежие,г
1146,огурцы соленые,г
1147,одуванчики,г
1148,окорок,г
1149,окорок варено-копченый,г
1150,окунь,г
1151,окунь красный филе,г
1152,окунь морской,г
1153,окунь морской филе,г
1154,окунь филе,г
1155,оленина,г
1156,оливки,г
1157,оливки без косточек,г
1158,оливки зеленые,по вкусу
1159,оливки зеленые консервированные,банка
1160,оливки каламата,г
1161,оливки консервированные,г
1162,оливки фаршированные анчоусами,г
1163,оливки черные,по вкусу
1164,оливковая паста,г
1165,оливковое масло,г
1166,оливковое масло Extra Virgin,г
1167,опунция плоды,г
1168,опята,по вкусу
1169,опята замороженные,г
1170,опята маринованные,г
1171,орегано,г
1172,орегано свежий,г
1173,орегано сушеный,г
1174,орехи,г
1175,орехи бразильские,г
1176,орехи макадамия,г
1177,орехи пекан,г
1178,орехи пинии,г
1179,ореховая крошка,стакан
1180,ореховая паста,шт.
1181,ореховое масло,ст. л.
1182,ореховый ликер,мл
1183,ореховый соус,ст. л.
1184,осетр,г
1185,осетрина холодного копчения,г
1186,осьминог,г
1187,осьминоги консервированные,г
1188,осьминоги мини,г
1189,отруби,г
1190,ошеек,г
1191,пагр,г
1192,пажитник,г
1193,пажитник семена,г
1194,палтус,г
1195,пальмовое масло,г
1196,пангасиус,г
1197,панеттоне,шт.
1198,Панифарин,г
1199,панчетта,г
1200,папайя,г
1201,папайя консервированная в собственном соку,г
1202,папоротник,г
1203,папоротник соленый,упаковка
1204,паппарделле,г
1205,паприка,г
1206,паприка копченая,ст. л.
1207,паприка красная,ст. л.
1208,паприка красная молотая,г
1209,паприка острая копченая,г
1210,паприка сладкая,г
1211,паприка сладкая копченая,г
1212,паприка сладкая хлопьями,ч. л.
1213,пармезан,г
1214,паста,г
1215,паста веджимайт,г
1216,паста тахини,г
1217,паста хариса,ст. л.
1218,пастернак,г
1219,пастила,г
1220,пастила виноградная,г
1221,патиссоны,г
1222,патока,г
1223,патока крахмальная,г
1224,патока черная (меласса),г
1225,пахта,г
1226,паштет,г
1227,пекарский порошок,г
1228,пекарский порошок,ч. л.
1229,пекорино,г
1230,пектин,г
1231,пеленгас,г
1232,пельмени,г
1233,пенне,г
1234,пенне ригате,г
1235,пеперончино,ч. л.
1236,пеперончино молотый,щепотка
1237,переводной лист для шоколада,шт.
1238,перепелки,тушка
1239,перец,г
1240,перец белый,г
1241,перец белый горошком,по вкусу
1242,перец белый молотый,г
1243,перец белый свежемолотый,ч. л.
1244,перец болгарский,г
1245,перец болгарский желтый,г
1246,перец болгарский зеленый,г
1247,перец болгарский красный,г
1248,перец горошком,г
1249,перец горошком смесь,г
1250,перец душистый,щепотка
1251,перец душистый горошком,г
1252,перец душистый молотый,г
1253,перец испанский острый,шт.
1254,перец кайенский,г
1255,перец кайенский красный,г
1256,перец кайенский молотый,щепотка
1257,перец красный,г
1258,перец красный горошком,г
1259,перец красный жгучий,г
1260,перец красный молотый,г
1261,перец красный острый,г
1262,перец красный острый молотый,по вкусу
1263,перец красный хлопьями,щепотка
1264,перец лимонный,г
1265,перец маринованный,г
1266,перец острый,г
1267,перец острый зеленый,шт.
1268,перец острый молотый,щепотка
1269,перец падрон,г
1270,перец пеперони,г
1271,перец пеперони красный,шт.
1272,перец розовый горошком,г
1273,перец свежемолотый смесь,г
1274,перец сенегальский,по вкусу
1275,перец сладкий,г
1276,перец сладкий желтый,г
1277,перец сладкий зеленый,г
1278,перец сладкий красный,г
1279,перец сладкий красный маринованный,шт.
1280,перец сладкий красный молотый,г
1281,перец сладкий оранжевый,г
1282,перец сладкий сушеный,г
1283,перец сычуаньский,г
1284,перец халапеньо,г
1285,перец халапеньо маринованный,шт.
1286,перец черный,ст. л.
1287,перец черный горошком,по вкусу
1288,перец черный молотый,г
1289,перец черный свежемолотый,г
1290,перец чили,г
1291,перец чили зеленый,стручок
1292,перец чили красный,стручок
1293,перец чили маринованный,по вкусу
1294,перец чили молотый,г
1295,перец чили сухой,ст. л.
1296,перец чили хлопьями,по вкусу
1297,перец ямайский,г
1298,перловая крупа,г
1299,перловая мука,г
1300,персики,г
1301,персики консервированные,г
1302,персики сушеные,горсть
1303,персиковое пюре,г
1304,персиковый джем,г
1305,персиковый мармелад,ст. л.
1306,персиковый сироп,мл
1307,персиковый сок,г
1308,перцовая паста,ч. л.
1309,петрушка,г
1310,петрушка зелень,г
1311,петрушка итальянская,пучок
1312,петрушка корень,г
1313,петрушка рубленая,г
1314,петрушка сушеная,г
1315,печень,г
1316,печенье,по вкусу
1317,печенье Oreo,г
1318,печенье Амаретти,г
1319,печенье бисквитное,г
1320,печенье галетное,шт.
1321,печенье «Дамские пальчики»,г
1322,печенье песочное,г
1323,печенье рассыпчатое,г
1324,печенье Савоярди,г
1325,печенье сахарное,г
1326,печенье сладкое,г
1327,печенье сухое,г
1328,печенье шоколадное,г
1329,печенье Юбилейное молочное,г
1330,пиво,г
1331,пиво имбирное,мл
1332,пиво нефильтрованное,г
1333,пиво светлое,г
1334,пиво темное,банка
1335,пикша,шт.
1336,питы,по вкусу
1337,повидло,г
1338,подсолнечное масло,г
1339,подсолнечные семечки,г
1340,полба,г
1341,полба недозрелая,г
1342,полента,по вкусу
1343,полента быстрого приготовления,стакан
1344,помело,г
1345,помидоры,г
1346,помидоры бурые,г
1347,помидоры вяленые,по вкусу
1348,помидоры вяленые в масле,г
1349,помидоры желтые,шт.
1350,помидоры зеленые,кг
1351,помидоры консервированные,г
1352,помидоры консервированные в собственном соку,г
1353,помидоры консервированные в собственном соку с базиликом,г
1354,помидоры протертые пассата,г
1355,помидоры соленые,шт.
1356,помидоры сушеные хлопьями,г
1357,помидоры черри,г
1358,помидоры черри желтые,г
1359,попкорн,г
1360,поросенок,кг
1361,портвейн,г
1362,портобелло,г
1363,портулак,г
1364,посыпка кондитерская,по вкусу
1365,почки,г
1366,приправа 4 перца,г
1367,приправа 5 специй (five spice),ч. л.
1368,приправа для баранины,ст. л.
1369,приправа для картофеля,г
1370,приправа для курицы,г
1371,приправа для макарон,по вкусу
1372,приправа для маринования свинины,по вкусу
1373,приправа для морепродуктов,по вкусу
1374,приправа для мяса,г
1375,приправа для паэльи,по вкусу
1376,приправа для пиццы,ч. л.
1377,приправа для плова,г
1378,приправа для птицы,ст. л.
1379,приправа для рыбы,г
1380,приправа для салатов,по вкусу
1381,приправа заатар,ч. л.
1382,приправа креольская,ст. л.
1383,приправа с сушеными грибами,ч. л.
1384,приправы,г
1385,прованские травы,г
1386,проволоне,г
1387,просекко,мл
1388,простокваша,г
1389,протеин сывороточный,г
1390,прошутто,г
1391,пряники,г
1392,пряничные специи,г
1393,пряности,г
1394,псиллиум,г
1395,птитим,г
1396,пудинг,г
1397,пудинг ванильный,г
1398,пудинг ванильный инстант,упаковка
1399,пудинг карамельный,г
1400,пшеница,г
1401,пшеничная крупа,г
1402,пшеничная мука,г
1403,пшеничная мука цельнозерновая,г
1404,пшеничные зародыши,стакан
1405,пшеничные отруби,г
1406,пшеничные ростки,г
1407,пшеничные хлопья,г
1408,пшенные хлопья,ст. л.
1409,пшено,г
1410,пыльца цветочная,г
1411,пюре,по вкусу
1412,радиккио,шт.
1413,разрыхлитель,г
1414,раки,шт.
1415,раковые шейки,г
1416,раковые шейки в рассоле,г
1417,рамбутан,г
1418,рапаны,г
1419,рапсовое масло,по вкусу
1420,рассол,г
1421,рассол от каперсов,ст. л.
1422,рассол от оливок,ст. л.
1423,растительное масло,г
1424,растительное масло для жарки,г
1425,растительное масло нерафинированное,стакан
1426,растительное масло рафинированное,г
1427,растительное молоко,стакан
1428,ревень,г
1429,реган,веточка
1430,редис,г
1431,редька,г
1432,редька белая,шт.
1433,редька зеленая,шт.
1434,редька черная,шт.
1435,репа,г
1436,репа белая,шт.
1437,ржаная закваска,г
1438,ржаная закваска густая,г
1439,ржаная мука,г
1440,ржаные отруби,г
1441,ригатони,г
1442,рикотта,г
1443,рикотта твердая,г
1444,рис,г
1445,рис арборио,г
1446,рис басмати,г
1447,рис бурый,г
1448,рис бурый и дикий смесь,г
1449,рис вареный,г
1450,рис виола,г
1451,рис девзира,г
1452,рис дикий,г
1453,рис дикий и золотистый смесь,г
1454,рис длиннозерный,г
1455,рис длиннозерный золотистый,г
1456,рис для плова,г
1457,рис для пудинга,г
1458,рис для ризотто,г
1459,рис для суши,г
1460,рис жасминовый,г
1461,рис золотистый,г
1462,рис индика,г
1463,рис италика,г
1464,рис карнароли,г
1465,рис красный,г
1466,рис круглозерный,г
1467,рис кубанский,г
1468,рисовая бумага,г
1469,рисовая лапша,г
1470,рисовая мука,г
1471,рисовое вино,ч. л.
1472,рисовые хлопья,г
1473,рисовые шарики воздушные,г
1474,рисовый крахмал,ст. л.
1475,рисовый уксус,по вкусу
1476,рис пропаренный,г
1477,рис пропаренный и дикий смесь,г
1478,рис японика,г
1479,рожь,г
1480,розмарин,шт.
1481,розмарин сушеный,по вкусу
1482,розовая вода,г
1483,розовые бутоны сушеные,г
1484,розовые лепестки,г
1485,розы,г
1486,рокфор,г
1487,ром,бутылка
1488,ромашка сушеная,г
1489,ромовый экстракт,ч. л.
1490,ром темный,г
1491,ростбиф,г
1492,рукола,г
1493,рулька,по вкусу
1494,рыба,г
1495,рыба белая,г
1496,рыба белая филе,г
1497,рыба консервированная,банка
1498,рыба копченая,г
1499,рыба копченая филе,г
1500,рыба красная,г
1501,рыба красная соленая,г
1502,рыба красная филе,г
1503,рыба-меч,г
1504,рыба морская,г
1505,рыба солнечник филе,шт.
1506,рыба-соль,тушка
1507,рыбное филе,г
1508,рыбные консервы,г
1509,рыбные кости,г
1510,рыбные обрезки головы плавники,по вкусу
1511,рыбный бульон,г
1512,рыбный соус,г
1513,рыбный соус Nam Pla,г
1514,рыбный соус тайский,г
1515,рыбный фарш,г
1516,рябина черноплодная,г
1517,рябчик,г
1518,ряженка,г
1519,ряженка 4%,г
1520,сайда,г
1521,сайда филе,г
1522,сайра,г
1523,сайра консервированная,банка
1524,саке,ст. л.
1525,салака,г
1526,салат,г
1527,салат айсберг,г
1528,салат китайский,г
1529,салат корн,пучок
1530,салат кочанный,г
1531,салат кучерявый,г
1532,салат листовой,г
1533,салатный микс,г
1534,салат романо,г
1535,салат фриссе,г
1536,сало,г
1537,сало копченое в перце,г
1538,сало копченое с мясными прослойками,г
1539,сало с мясными прослойками,г
1540,сальник,г
1541,сальса,г
1542,сальса верде,ч. л.
1543,салями,г
1544,салями итальянская,г
1545,сардельки,г
1546,сардельки копченые,г
1547,сардинки маленькие,шт.
1548,сардины,г
1549,сардины в масле,банка
1550,сахар,г
1551,сахар ванильный,г
1552,сахар демерара,г
1553,сахар жемчужный,г
1554,сахар коричневый,г
1555,сахар коричневый крупнокристаллический,г
1556,сахар мусковадо,горсть
1557,сахарная пудра,г
1558,сахарная пудра апельсиновая,г
1559,сахарная пудра ванильная,г
1560,сахарные жемчужинки,г
1561,сахарные кондитерские украшения,горсть
1562,сахарный песок,г
1563,сахарный песок крупный,г
1564,сахарный песок мелкий,г
1565,сахарный сироп,г
1566,сахар пальмовый,г
1567,сахар-рафинад,г
1568,сахар-рафинад с корицей,г
1569,сахар тростниковый,г
1570,сванская соль,г
1571,свекла,г
1572,свекла вареная,г
1573,свекольная ботва,г
1574,свекольные листья,г
1575,свиная вырезка,г
1576,свиная голова,г
1577,свиная грудинка,г
1578,свиная корейка,г
1579,свиная корейка копченая,г
1580,свиная корейка на кости,г
1581,свиная лопатка варено-копченая,г
1582,свиная мякоть,г
1583,свиная пашина,кг
1584,свиная печень,г
1585,свиная рулька,по вкусу
1586,свиная рулька варено-копченая,г
1587,свиная рулька копченая,г
1588,свиная шейка,кусок
1589,свинина,г
1590,свинина вареная,г
1591,свинина нежирная,г
1592,свинина с жирком,г
1593,свиное сердце,г
1594,свиное филе,г
1595,свиной подчеревок,г
1596,свиной фарш,г
1597,свиной язык,г
1598,свиные котлеты на косточке,шт.
1599,свиные легкие,г
1600,свиные ножки,г
1601,свиные отбивные,г
1602,свиные отбивные на косточке,г
1603,свиные ребра,г
1604,свиные уши,шт.
1605,свиные щечки,шт.
1606,свити,г
1607,сельдерей,г
1608,сельдерей зелень,г
1609,сельдерей корень,г
1610,сельдерей корень сушеный,по вкусу
1611,сельдерейная соль,г
1612,сельдерей семена,ч. л.
1613,сельдерей стебли,г
1614,сельдь,г
1615,сельдь слабосоленая,г
1616,сельдь соленая,шт.
1617,сельдь филе,г
1618,семга,г
1619,семга копченая,г
1620,семга свежая,г
1621,семга соленая,г
1622,семга филе на коже,г
1623,семечки,г
1624,семечки смесь,ст. л.
1625,семолина,г
1626,сервелат варено-копченый,г
1627,сибас,г
1628,сидр,г
1629,сироп,г
1630,сироп от консервированных груш,г
1631,сироп от консервированных персиков,ст. л.
1632,сироп топинамбура,стакан
1633,скумбрия,по вкусу
1634,скумбрия свежая,г
1635,скумбрия филе,г
1636,скумбрия холодного копчения,г
1637,сливки,упаковка
1638,сливки 10-20%,г
1639,сливки 15%,г
1640,сливки 20%,г
1641,сливки 33-35%,г
1642,сливки жирные,г
1643,сливки кондитерские,г
1644,сливовая паста,г
1645,сливовое варенье,г
1646,сливовое вино,г
1647,сливовый джем,г
1648,сливовый ликер,ст. л.
1649,сливовый соус,г
1650,сливочное масло,г
1651,сливы,кг
1652,сливы замороженные,г
1653,смалец,г
1654,смесь для кекса,шт.
1655,смесь для оладий,г
1656,смесь для хлеба 8 злаков,г
1657,сметана,г
1658,сметана 10%,г
1659,сметана 15%,ч. л.
1660,сметана 18%,г
1661,сметана 20%,г
1662,сметана 25%,г
1663,сметана 30%,г
1664,сметана 35%,г
1665,сметана жирная,г
1666,сметана нежирная,г
1667,сметана некислая,г
1668,смородина сушеная,г
1669,смородиновые листья,г
1670,сморчки сухие,г
1671,снежок,л
1672,сныть,г
1673,сода,г
1674,соевая мука,г
1675,соевое масло,г
1676,соевое молоко,г
1677,соевые ростки,г
1678,соевый соус,г
1679,сок,г
1680,сок из красных апельсинов,мл
1681,сок мультивитаминный,мл
1682,сок юзу,мл
1683,солод,ч. л.
1684,солод жидкий,г
1685,солодовый экстракт,г
1686,солод темный,г
1687,соломка,г
1688,соль,г
1689,соль гималайская,г
1690,соль крупного помола,г
1691,соль морская,г
1692,сом филе,г
1693,сосиски,г
1694,сосиски из куриного фарша,шт.
1695,сосиски копченые,г
1696,соус,г
1697,соус black bean,ст. л.
1698,соус sambal oelek,ч. л.
1699,соус барбекю,г
1700,соус краснодарский,г
1701,соус красный острый,г
1702,соус мирин,по вкусу
1703,соус наршараб,г
1704,соус острый,г
1705,соус песто,по вкусу
1706,соус сацебели,г
1707,соус табаско,капля
1708,соус терияки,г
1709,соус ткемали,стакан
1710,соус ткемали благородный,г
1711,соус ткемали ранний,ст. л.
1712,соус устричный,ч. л.
1713,соус чили,г
1714,соус чили сладкий,ч. л.
1715,соус экзотический,г
1716,соя,г
1717,спагетти,г
1718,спагетти № 3,г
1719,спагетти № 5,г
1720,спагетти лунги,г
1721,спаржа,кг
1722,спаржа белая,г
1723,спаржа зеленая,г
1724,спаржа молодая,г
1725,спек,г
1726,спельта,стакан
1727,спельтовая (полбяная) мука,г
1728,специи,г
1729,спирт,г
1730,спирулина порошок,г
1731,спред,г
1732,ставрида,г
1733,стейк семги,шт.
1734,стейк семги,г
1735,стеклянная лапша,г
1736,страчателла,г
1737,судак,г
1738,судак филе,г
1739,судак филе на коже,г
1740,сулугуни,г
1741,сулугуни копченый,г
1742,сумах,г
1743,суповой набор,г
1744,сухари,по вкусу
1745,сухари белые,г
1746,сухари молотые,г
1747,сухари панировочные,г
1748,сухари ржаные,г
1749,сухарная крошка,г
1750,сухофрукты,г
1751,сухофрукты тропические,по вкусу
1752,сушки,г
1753,сыворотка,г
1754,сыр,г
1755,сыр tete de moine,г
1756,сыр Австрия блю,г
1757,сыр адыгейский,г
1758,сыр бри,г
1759,сыр буко,г
1760,сыр гауда,г
1761,сыр гойя,г
1762,сыр голландский,г
1763,сыр голубой,г
1764,сыр гравьера,г
1765,сыр джугас,г
1766,сыр домашний,г
1767,сыр дорблю,г
1768,сыр имеретинский,г
1769,сыр кефалотири,г
1770,сырки творожные,г
1771,сыр козий мягкий,г
1772,сыр козий твердый,г
1773,сыр колбасный,г
1774,сыр копченый,г
1775,сыр коттедж,г
1776,сыр Маскарпоне,г
1777,сыр мраморный,г
1778,сыр мягкий,по вкусу
1779,сыр овечий,г
1780,сыр панир,г
1781,сыр пеше миньон,г
1782,сыр плавленый,г
1783,сыр плавленый шоколадный,г
1784,сыр пластинками,г
1785,сыр полутвердый,г
1786,сыр провола,г
1787,сыр российский,г
1788,сыр скаморца,г
1789,сыр скаморца копченый,г
1790,сыр сливочный,г
1791,сыр с плесенью,г
1792,сыр с плесенью мягкий,г
1793,сыр твердый,г
1794,сыр филадельфия,г
1795,сыр фонтина,г
1796,сыр хаварти,г
1797,сыр швейцарский,г
1798,сычужный фермент,ч. л.
1799,таледжо,г
1800,тальолини,г
1801,тальятелле,г
1802,тальятелле-гнезда,шт.
1803,тамаринд,шт.
1804,тамариндовая паста,ч. л.
1805,тапиока,г
1806,тарталетки,по вкусу
1807,тартар,ст. л.
1808,тархун,г
1809,творог,г
1810,творог 18%,г
1811,творог 2%,г
1812,творог 5%,г
1813,творог 9%,г
1814,творог жирный,г
1815,творог зерненый,г
1816,творог обезжиренный,г
1817,творожная масса,г
1818,творожная паста,г
1819,творожный сыр,г
1820,творожный сыр соленый,г
1821,творожок клубничный,г
1822,текила,стакан
1823,телятина,по вкусу
1824,телятина вареная,г
1825,телячий фарш,г
1826,телячьи отбивные на косточке,шт.
1827,телячьи шницели,шт.
1828,телячьи эскалопы,г
1829,телячья вырезка,г
1830,телячья печень,г
1831,телячья щека,шт.
1832,тесто бездрожжевое,г
1833,тесто готовое,г
1834,тесто для вонтонов,г
1835,тесто для пиццы,шт.
1836,тесто дрожжевое,по вкусу
1837,тесто катаифи,г
1838,тесто макаронное,г
1839,тесто макаронное для лазаньи,г
1840,тесто пельменное,г
1841,тесто песочное,по вкусу
1842,тесто пресное,г
1843,тесто пряничное,г
1844,тесто слоеное,г
1845,тесто слоеное бездрожжевое,по вкусу
1846,тесто слоеное дрожжевое,кг
1847,тесто фило,г
1848,тилапия,г
1849,тилапия филе,г
1850,тильзитер,г
1851,тимьян,горсть
1852,тимьян лимонный,веточка
1853,тимьян свежий,по вкусу
1854,тимьян сушеный,г
1855,ткемали,г
1856,тмин,г
1857,тмин молотый,г
1858,томатная паста,г
1859,томатное пюре,г
1860,томатный концентрат,г
1861,томатный порошок,г
1862,томатный сок,г
1863,томатный соус,г
1864,томатный соус итальянский,г
1865,томатный соус острый,г
1866,томатный соус с базиликом,г
1867,тоник,бутылка
1868,топинамбур,г
1869,топленое масло,г
1870,тортильи,по вкусу
1871,тортильони,г
1872,тофу,г
1873,травы ароматные,г
1874,травы пряные с перцем,ч. л.
1875,травы сухие,г
1876,треска,г
1877,треска печень,г
1878,треска филе,г
1879,трюфель,г
1880,трюфельная крошка,г
1881,трюфельное масло,ст. л.
1882,трюфель черный,шт.
1883,тунец,по вкусу
1884,тунец консервированный,г
1885,тунец филе,г
1886,тушенка,г
1887,тыква,г
1888,тыквенное масло,шт.
1889,тыквенное пюре,г
1890,тыквенные семечки,г
1891,тюлька свежая,г
1892,угорь,г
1893,угорь копченый,г
1894,угурт,г
1895,укроп,г
1896,укропное семя,ч. л.
1897,укроп свежий,г
1898,укроп сушеный,г
1899,уксус,г
1900,уксус 9%,г
1901,уксус из сидра,ст. л.
1902,уксусная эссенция,г
1903,уксус столовый,г
1904,улитки,г
1905,улитки виноградные,шт.
1906,урюк,г
1907,устрицы,г
1908,утиная грудка,г
1909,утиная печень,г
1910,утиное филе,г
1911,утиные бедрышки,г
1912,утиные ножки,по вкусу
1913,утка,по вкусу
1914,утка печеная,г
1915,утка тушка,тушка
1916,уцхо-сунели,г
1917,фазан,г
1918,фарш (баранина и говядина),г
1919,фарш (свинина и курица),г
1920,фасоль,г
1921,фасоль белая,г
1922,фасоль белая консервированная,г
1923,фасоль белая лима,г
1924,фасоль зеленая стручковая,г
1925,фасоль кенийская,горсть
1926,фасоль кидни красная,г
1927,фасоль консервированная,г
1928,фасоль красная,г
1929,фасоль красная вареная,стакан
1930,фасоль красная консервированная,г
1931,фасоль молодая замороженная,г
1932,фасоль пинто,г
1933,фасоль спаржевая вареная,г
1934,фасоль стручковая,г
1935,фасоль стручковая замороженная,г
1936,фасоль стручковая консервированная,г
1937,фасоль черный глаз,г
1938,фейхоа,г
1939,фенхель,г
1940,фенхель семена,г
1941,фенхель семена молотые,г
1942,фестонате,г
1943,фета,г
1944,фетаки,г
1945,фетакса,г
1946,феттучине,г
1947,фиалки засахаренные,шт.
1948,фиалковый сироп,г
1949,физалис,по вкусу
1950,филе красного окуня,шт.
1951,филе лосося,г
1952,филе палтуса,шт.
1953,финики,г
1954,финики без косточек,стакан
1955,финики иранские,г
1956,финики иранские без косточек,шт.
1957,фисташки,г
1958,фисташки очищенные,г
1959,фисташки очищенные несоленые,горсть
1960,фисташки рубленые,г
1961,фисташковая мука,г
1962,фисташковая паста,г
1963,фисташковое масло,г
1964,фокачча,по вкусу
1965,форель,г
1966,форель вареная,г
1967,форель горячего копчения,г
1968,форель озерная свежая,шт.
1969,форель слабосоленая,г
1970,форель стейки,шт.
1971,форель филе,г
1972,форель холодного копчения,г
1973,фрикадельки,г
1974,фрукт дракона,шт.
1975,фруктовый сироп,г
1976,фруктовый сок,г
1977,фруктовый сок без сахара,стакан
1978,фруктоза,г
1979,фрукты,г
1980,фрукты консервированные,г
1981,фундук,г
1982,фундучная мука,г
1983,фунчоза,г
1984,халва,г
1985,халва ванильная,г
1986,халва подсолнечная,г
1987,халуми,г
1988,хамон,г
1989,хек,г
1990,хек филе,г
1991,херес,стакан
1992,хересный уксус,ч. л.
1993,хлеб,г
1994,хлеб 7 злаков,батон
1995,хлеб белый,г
1996,хлеб белый сухой,г
1997,хлеб бородинский,кусок
1998,хлеб датский ржаной,г
1999,хлеб для сэндвичей,г
2000,хлебная крошка,г
2001,хлеб ржаной,г
2002,хлеб серый,г
2003,хлеб с кунжутом,кусок
2004,хлеб цельнозерновой,г
2005,хлебцы пшенично-ржаные цельнозерновые,г
2006,хлопья 4 злака,г
2007,хлопья 5 злаков,г
2008,хлопья 7 злаков,ст. л.
2009,хлопья быстрого приготовления,стакан
2010,хлорид кальция,г
2011,хмели-сунели,г
2012,хмель,ст. л.
2013,хрен,г
2014,хрен протертый,г
2015,хрен со сливками,г
2016,хурма,г
2017,хурма спелая,г
2018,цесарка тушка,г
2019,цикорий,ч. л.
2020,цитроновые цукаты,горсть
2021,цитрусовые цукаты,шт.
2022,цитрусовый свежевыжатый сок,мл
2023,цукаты,г
2024,цукини,г
2025,цукини цветы,шт.
2026,цыплята,г
2027,цыплята-корнишоны,шт.
2028,чабер,г
2029,чабрец,г
2030,чабрец сушеный,г
2031,чай дарджилинг,пакетик
2032,чай жасминовый,ст. л.
2033,чай зеленый,пакетик
2034,чай копченый лапсанг сушонг,г
2035,чай красный,г
2036,чай ройбуш,ст. л.
2037,чай черный,г
2038,чай черный крупнолистовой,ч. л.
2039,чай черный со специями,пакет
2040,чай эрл грей,стакан
2041,чатни манго,г
2042,чеддер,г
2043,черемуха,г
2044,черемуховая мука,г
2045,черемша,г
2046,черешневый джем,г
2047,черешня,г
2048,черешня консервированная без косточек,ст. л.
2049,черная смородина,г
2050,черника,г
2051,черника замороженная,г
2052,чернила каракатицы,г
2053,черничный джем,стакан
2054,чернослив,г
2055,чернослив без косточек,г
2056,чернослив вяленый,г
2057,чернослив копченый без косточек,г
2058,черносмородиновое варенье,г
2059,черносмородиновый джем,г
2060,чеснок,г
2061,чеснок молодой,г
2062,чеснок сушеный,г
2063,чесночная соль,щепотка
2064,чесночное масло,по вкусу
2065,чесночный порошок,г
2066,чечевица,г
2067,чечевица вареная,ст. л.
2068,чечевица зеленая,г
2069,чечевица красная,г
2070,чечил спагетти,г
2071,чиабатта,кусок
2072,чиа семена,г
2073,чипотле молотый,щепотка
2074,чипсы,г
2075,чоризо,г
2076,шалфей,г
2077,шалфей свежий,пучок
2078,шалфей сушеный,лист
2079,шампанское,г
2080,шампанское советское,стакан
2081,шампанское сухое,ст. л.
2082,шампиньоны,по вкусу
2083,шампиньоны замороженные,г
2084,шампиньоны консервированные,г
2085,шампиньоны маринованные,г
2086,шампиньоны свежие,г
2087,шафран,г
2088,шафран имеретинский,г
2089,шафран молотый,ч. л.
2090,шафран нити,шт.
2091,шелковица,г
2092,шелковица сушеная,г
2093,шиповник,г
2094,шиповниковый сироп,г
2095,шнапс,г
2096,шнитт-лук,стебель
2097,шоколад,г
2098,шоколад белый,г
2099,шоколад горький с апельсиновой цедрой,г
2100,шоколад молочный,г
2101,шоколад мятный,г
2102,шоколадная паста,г
2103,шоколадная стружка,г
2104,шоколадное масло,г
2105,шоколадно-ореховая паста,г
2106,шоколадные горошины,г
2107,шоколадные капли,г
2108,шоколадные капли белые,г
2109,шоколадные конфеты,г
2110,шоколадные хлопья,г
2111,шоколадные шарики из готовых завтраков,горсть
2112,шоколадный ликер,г
2113,шоколадный сироп,г
2114,шоколадный соус,г
2115,шоколад полусладкий,г
2116,шоколад с орехами,г
2117,шоколад черный горький,г
2118,шоколад черный горький 70%,г
2119,шоколад черный горький 75%,ч. л.
2120,шоколад черный горький 85%,г
2121,шортенинг,стакан
2122,шпик,шт.
2123,шпик копченый,г
2124,шпинат,г
2125,шпинат замороженный,г
2126,шпинат молодой,г
2127,шпинат свежий,г
2128,шпроты,г
2129,шпроты в масле,г
2130,шрот,г
2131,щавель замороженный,г
2132,щавель свежий,веточка
2133,щука,г
2134,щука филе,г
2135,эгг-ног,стакан
2136,эдам,г
2137,эль,мл
2138,эмменталь,г
2139,эскалоп,г
2140,эстрагон,г
2141,эстрагон сушеный,веточка
2142,яблоки,г
2143,яблоки антоновка,кг
2144,яблоки гала,г
2145,яблоки голден,г
2146,яблоки гренни смит,кг
2147,яблоки зеленые,г
2148,яблоки красные,шт.
2149,яблоки моченые,шт.
2150,яблоки нетвердых сортов,г
2151,яблоки сладкие,г
2152,яблоки сушеные,г
2153,яблочная эссенция,ч. л.
2154,яблочное варенье,г
2155,яблочное повидло,г
2156,яблочное пюре,г
2157,яблочные чипсы,стакан
2158,яблочный джем,г
2159,яблочный сироп,ст. л.
2160,яблочный сок,г
2161,яблочный соус,ст. л.
2162,яблочный уксус,г
2163,ягнятина,г
2164,ягнятина кострец,г
2165,ягнятина фарш,г
2166,ягнячьи отбивные на косточке,шт.
2167,ягнячья голень нарубленная,г
2168,ягнячья корейка,г
2169,ягодное варенье,ст. л.
2170,ягодное желе,г
2171,ягодный сироп,г
2172,ягодный сок,г
2173,ягодный соус кислый,г
2174,ягоды,г
2175,ягоды вяленые,по вкусу
2176,ягоды замороженные,г
2177,ягоды лесные,г
2178,ягоды лесные замороженные,г
2179,яичные белки,г
2180,яичные желтки,г
2181,яичные желтки вареные,шт.
2182,яичные желтки крупные,г
2183,яичный меланж,г
2184,яичный порошок,ст. л.
2185,яйца куриные,г
2186,яйца куриные крупные,г
2187,яйца перепелиные,г
2188,японская крошка панко,г
2189,ячменные хлопья,г
2190,ячмень,г
2191,ячневая крупа,г
